"filename", "language", "C++", "C", "comment", "blank", "total"
"d:\develop\Workplace\VscodeWorkplace\stm32\smart_car\Drivers\CMSIS\Device\ST\STM32F4xx\Include\stm32f407xx.h", "C++", 13746, 0, 978, 890, 15614
"d:\develop\Workplace\VscodeWorkplace\stm32\smart_car\Drivers\CMSIS\Device\ST\STM32F4xx\Include\stm32f4xx.h", "C++", 170, 0, 94, 38, 302
"d:\develop\Workplace\VscodeWorkplace\stm32\smart_car\Drivers\CMSIS\Device\ST\STM32F4xx\Include\system_stm32f4xx.h", "C++", 14, 0, 70, 21, 105
"d:\develop\Workplace\VscodeWorkplace\stm32\smart_car\Drivers\CMSIS\Include\cachel1_armv7.h", "C++", 244, 0, 100, 68, 412
"d:\develop\Workplace\VscodeWorkplace\stm32\smart_car\Drivers\CMSIS\Include\cmsis_armcc.h", "C++", 392, 0, 356, 141, 889
"d:\develop\Workplace\VscodeWorkplace\stm32\smart_car\Drivers\CMSIS\Include\cmsis_armclang.h", "C++", 669, 0, 599, 236, 1504
"d:\develop\Workplace\VscodeWorkplace\stm32\smart_car\Drivers\CMSIS\Include\cmsis_armclang_ltm.h", "C++", 981, 0, 593, 355, 1929
"d:\develop\Workplace\VscodeWorkplace\stm32\smart_car\Drivers\CMSIS\Include\cmsis_compiler.h", "C++", 207, 0, 52, 25, 284
"d:\develop\Workplace\VscodeWorkplace\stm32\smart_car\Drivers\CMSIS\Include\cmsis_gcc.h", "C++", 1204, 0, 620, 388, 2212
"d:\develop\Workplace\VscodeWorkplace\stm32\smart_car\Drivers\CMSIS\Include\cmsis_iccarm.h", "C++", 795, 0, 47, 161, 1003
"d:\develop\Workplace\VscodeWorkplace\stm32\smart_car\Drivers\CMSIS\Include\cmsis_version.h", "C++", 13, 0, 23, 4, 40
"d:\develop\Workplace\VscodeWorkplace\stm32\smart_car\Drivers\CMSIS\Include\core_armv81mml.h", "C++", 2483, 0, 769, 977, 4229
"d:\develop\Workplace\VscodeWorkplace\stm32\smart_car\Drivers\CMSIS\Include\core_armv8mbl.h", "C++", 1181, 0, 605, 437, 2223
"d:\develop\Workplace\VscodeWorkplace\stm32\smart_car\Drivers\CMSIS\Include\core_armv8mml.h", "C++", 1821, 0, 729, 660, 3210
"d:\develop\Workplace\VscodeWorkplace\stm32\smart_car\Drivers\CMSIS\Include\core_cm0.h", "C++", 444, 0, 327, 182, 953
"d:\develop\Workplace\VscodeWorkplace\stm32\smart_car\Drivers\CMSIS\Include\core_cm0plus.h", "C++", 530, 0, 346, 212, 1088
"d:\develop\Workplace\VscodeWorkplace\stm32\smart_car\Drivers\CMSIS\Include\core_cm1.h", "C++", 454, 0, 338, 188, 980
"d:\develop\Workplace\VscodeWorkplace\stm32\smart_car\Drivers\CMSIS\Include\core_cm23.h", "C++", 1229, 0, 611, 458, 2298
"d:\develop\Workplace\VscodeWorkplace\stm32\smart_car\Drivers\CMSIS\Include\core_cm3.h", "C++", 1055, 0, 468, 421, 1944
"d:\develop\Workplace\VscodeWorkplace\stm32\smart_car\Drivers\CMSIS\Include\core_cm33.h", "C++", 1867, 0, 732, 679, 3278
"d:\develop\Workplace\VscodeWorkplace\stm32\smart_car\Drivers\CMSIS\Include\core_cm35p.h", "C++", 1867, 0, 732, 679, 3278
"d:\develop\Workplace\VscodeWorkplace\stm32\smart_car\Drivers\CMSIS\Include\core_cm4.h", "C++", 1186, 0, 485, 459, 2130
"d:\develop\Workplace\VscodeWorkplace\stm32\smart_car\Drivers\CMSIS\Include\core_cm55.h", "C++", 2825, 0, 861, 1132, 4818
"d:\develop\Workplace\VscodeWorkplace\stm32\smart_car\Drivers\CMSIS\Include\core_cm7.h", "C++", 1350, 0, 499, 518, 2367
"d:\develop\Workplace\VscodeWorkplace\stm32\smart_car\Drivers\CMSIS\Include\core_cm85.h", "C++", 2739, 0, 844, 1090, 4673
"d:\develop\Workplace\VscodeWorkplace\stm32\smart_car\Drivers\CMSIS\Include\core_sc000.h", "C++", 492, 0, 335, 204, 1031
"d:\develop\Workplace\VscodeWorkplace\stm32\smart_car\Drivers\CMSIS\Include\core_sc300.h", "C++", 1038, 0, 467, 413, 1918
"d:\develop\Workplace\VscodeWorkplace\stm32\smart_car\Drivers\CMSIS\Include\core_starmc1.h", "C++", 2069, 0, 797, 727, 3593
"d:\develop\Workplace\VscodeWorkplace\stm32\smart_car\Drivers\CMSIS\Include\mpu_armv7.h", "C++", 125, 0, 125, 26, 276
"d:\develop\Workplace\VscodeWorkplace\stm32\smart_car\Drivers\CMSIS\Include\mpu_armv8.h", "C++", 174, 0, 135, 44, 353
"d:\develop\Workplace\VscodeWorkplace\stm32\smart_car\Drivers\CMSIS\Include\pac_armv81.h", "C++", 116, 0, 71, 20, 207
"d:\develop\Workplace\VscodeWorkplace\stm32\smart_car\Drivers\CMSIS\Include\pmu_armv8.h", "C++", 209, 0, 100, 29, 338
"d:\develop\Workplace\VscodeWorkplace\stm32\smart_car\Drivers\CMSIS\Include\tz_context.h", "C++", 19, 0, 40, 12, 71
"d:\develop\Workplace\VscodeWorkplace\stm32\smart_car\Drivers\STM32F4xx_HAL_Driver\Inc\Legacy\stm32_hal_legacy.h", "C++", 3349, 0, 616, 458, 4423
"d:\develop\Workplace\VscodeWorkplace\stm32\smart_car\Drivers\STM32F4xx_HAL_Driver\Inc\stm32f4xx_hal.h", "C++", 128, 0, 138, 32, 298
"d:\develop\Workplace\VscodeWorkplace\stm32\smart_car\Drivers\STM32F4xx_HAL_Driver\Inc\stm32f4xx_hal_adc.h", "C++", 350, 0, 444, 105, 899
"d:\develop\Workplace\VscodeWorkplace\stm32\smart_car\Drivers\STM32F4xx_HAL_Driver\Inc\stm32f4xx_hal_adc_ex.h", "C++", 154, 0, 213, 41, 408
"d:\develop\Workplace\VscodeWorkplace\stm32\smart_car\Drivers\STM32F4xx_HAL_Driver\Inc\stm32f4xx_hal_cortex.h", "C++", 185, 0, 171, 55, 411
"d:\develop\Workplace\VscodeWorkplace\stm32\smart_car\Drivers\STM32F4xx_HAL_Driver\Inc\stm32f4xx_hal_def.h", "C++", 108, 0, 75, 30, 213
"d:\develop\Workplace\VscodeWorkplace\stm32\smart_car\Drivers\STM32F4xx_HAL_Driver\Inc\stm32f4xx_hal_dma.h", "C++", 318, 0, 382, 103, 803
"d:\develop\Workplace\VscodeWorkplace\stm32\smart_car\Drivers\STM32F4xx_HAL_Driver\Inc\stm32f4xx_hal_dma_ex.h", "C++", 18, 0, 66, 19, 103
"d:\develop\Workplace\VscodeWorkplace\stm32\smart_car\Drivers\STM32F4xx_HAL_Driver\Inc\stm32f4xx_hal_exti.h", "C++", 180, 0, 142, 45, 367
"d:\develop\Workplace\VscodeWorkplace\stm32\smart_car\Drivers\STM32F4xx_HAL_Driver\Inc\stm32f4xx_hal_flash.h", "C++", 102, 0, 268, 56, 426
"d:\develop\Workplace\VscodeWorkplace\stm32\smart_car\Drivers\STM32F4xx_HAL_Driver\Inc\stm32f4xx_hal_flash_ex.h", "C++", 634, 0, 296, 134, 1064
"d:\develop\Workplace\VscodeWorkplace\stm32\smart_car\Drivers\STM32F4xx_HAL_Driver\Inc\stm32f4xx_hal_flash_ramfunc.h", "C++", 17, 0, 45, 15, 77
"d:\develop\Workplace\VscodeWorkplace\stm32\smart_car\Drivers\STM32F4xx_HAL_Driver\Inc\stm32f4xx_hal_gpio.h", "C++", 110, 0, 170, 46, 326
"d:\develop\Workplace\VscodeWorkplace\stm32\smart_car\Drivers\STM32F4xx_HAL_Driver\Inc\stm32f4xx_hal_gpio_ex.h", "C++", 788, 0, 601, 202, 1591
"d:\develop\Workplace\VscodeWorkplace\stm32\smart_car\Drivers\STM32F4xx_HAL_Driver\Inc\stm32f4xx_hal_i2c.h", "C++", 285, 0, 348, 109, 742
"d:\develop\Workplace\VscodeWorkplace\stm32\smart_car\Drivers\STM32F4xx_HAL_Driver\Inc\stm32f4xx_hal_i2c_ex.h", "C++", 19, 0, 76, 21, 116
"d:\develop\Workplace\VscodeWorkplace\stm32\smart_car\Drivers\STM32F4xx_HAL_Driver\Inc\stm32f4xx_hal_pwr.h", "C++", 111, 0, 259, 67, 437
"d:\develop\Workplace\VscodeWorkplace\stm32\smart_car\Drivers\STM32F4xx_HAL_Driver\Inc\stm32f4xx_hal_pwr_ex.h", "C++", 117, 0, 180, 44, 341
"d:\develop\Workplace\VscodeWorkplace\stm32\smart_car\Drivers\STM32F4xx_HAL_Driver\Inc\stm32f4xx_hal_rcc.h", "C++", 618, 0, 690, 151, 1459
"d:\develop\Workplace\VscodeWorkplace\stm32\smart_car\Drivers\STM32F4xx_HAL_Driver\Inc\stm32f4xx_hal_rcc_ex.h", "C++", 4146, 0, 2440, 605, 7191
"d:\develop\Workplace\VscodeWorkplace\stm32\smart_car\Drivers\STM32F4xx_HAL_Driver\Inc\stm32f4xx_hal_spi.h", "C++", 253, 0, 380, 101, 734
"d:\develop\Workplace\VscodeWorkplace\stm32\smart_car\Drivers\STM32F4xx_HAL_Driver\Inc\stm32f4xx_hal_tim.h", "C++", 945, 0, 970, 243, 2158
"d:\develop\Workplace\VscodeWorkplace\stm32\smart_car\Drivers\STM32F4xx_HAL_Driver\Inc\stm32f4xx_hal_tim_ex.h", "C++", 153, 0, 159, 46, 358
"d:\develop\Workplace\VscodeWorkplace\stm32\smart_car\Drivers\STM32F4xx_HAL_Driver\Inc\stm32f4xx_hal_uart.h", "C++", 294, 0, 504, 112, 910
"d:\develop\Workplace\VscodeWorkplace\stm32\smart_car\Drivers\STM32F4xx_HAL_Driver\Inc\stm32f4xx_ll_adc.h", "C++", 1111, 0, 3362, 310, 4783
"d:\develop\Workplace\VscodeWorkplace\stm32\smart_car\Drivers\STM32F4xx_HAL_Driver\Inc\stm32f4xx_ll_bus.h", "C++", 425, 0, 1614, 67, 2106
"d:\develop\Workplace\VscodeWorkplace\stm32\smart_car\Drivers\STM32F4xx_HAL_Driver\Inc\stm32f4xx_ll_cortex.h", "C++", 196, 0, 386, 66, 648
"d:\develop\Workplace\VscodeWorkplace\stm32\smart_car\Drivers\STM32F4xx_HAL_Driver\Inc\stm32f4xx_ll_dma.h", "C++", 745, 0, 1910, 214, 2869
"d:\develop\Workplace\VscodeWorkplace\stm32\smart_car\Drivers\STM32F4xx_HAL_Driver\Inc\stm32f4xx_ll_exti.h", "C++", 168, 0, 695, 92, 955
"d:\develop\Workplace\VscodeWorkplace\stm32\smart_car\Drivers\STM32F4xx_HAL_Driver\Inc\stm32f4xx_ll_gpio.h", "C++", 189, 0, 725, 68, 982
"d:\develop\Workplace\VscodeWorkplace\stm32\smart_car\Drivers\STM32F4xx_HAL_Driver\Inc\stm32f4xx_ll_i2c.h", "C++", 559, 0, 1151, 181, 1891
"d:\develop\Workplace\VscodeWorkplace\stm32\smart_car\Drivers\STM32F4xx_HAL_Driver\Inc\stm32f4xx_ll_pwr.h", "C++", 357, 0, 545, 84, 986
"d:\develop\Workplace\VscodeWorkplace\stm32\smart_car\Drivers\STM32F4xx_HAL_Driver\Inc\stm32f4xx_ll_rcc.h", "C++", 1974, 0, 4809, 319, 7102
"d:\develop\Workplace\VscodeWorkplace\stm32\smart_car\Drivers\STM32F4xx_HAL_Driver\Inc\stm32f4xx_ll_spi.h", "C++", 595, 0, 1225, 223, 2043
"d:\develop\Workplace\VscodeWorkplace\stm32\smart_car\Drivers\STM32F4xx_HAL_Driver\Inc\stm32f4xx_ll_system.h", "C++", 535, 0, 1067, 110, 1712
"d:\develop\Workplace\VscodeWorkplace\stm32\smart_car\Drivers\STM32F4xx_HAL_Driver\Inc\stm32f4xx_ll_tim.h", "C++", 1197, 0, 2562, 338, 4097
"d:\develop\Workplace\VscodeWorkplace\stm32\smart_car\Drivers\STM32F4xx_HAL_Driver\Inc\stm32f4xx_ll_usart.h", "C++", 707, 0, 1594, 221, 2522
"d:\develop\Workplace\VscodeWorkplace\stm32\smart_car\Drivers\STM32F4xx_HAL_Driver\Inc\stm32f4xx_ll_utils.h", "C++", 70, 0, 192, 46, 308
"d:\develop\Workplace\VscodeWorkplace\stm32\smart_car\Drivers\STM32F4xx_HAL_Driver\Src\stm32f4xx_hal.c", "C", 0, 197, 350, 70, 617
"d:\develop\Workplace\VscodeWorkplace\stm32\smart_car\Drivers\STM32F4xx_HAL_Driver\Src\stm32f4xx_hal_adc.c", "C", 0, 878, 972, 261, 2111
"d:\develop\Workplace\VscodeWorkplace\stm32\smart_car\Drivers\STM32F4xx_HAL_Driver\Src\stm32f4xx_hal_adc_ex.c", "C", 0, 473, 495, 148, 1116
"d:\develop\Workplace\VscodeWorkplace\stm32\smart_car\Drivers\STM32F4xx_HAL_Driver\Src\stm32f4xx_hal_cortex.c", "C", 0, 139, 342, 58, 539
"d:\develop\Workplace\VscodeWorkplace\stm32\smart_car\Drivers\STM32F4xx_HAL_Driver\Src\stm32f4xx_hal_dma.c", "C", 0, 631, 479, 196, 1306
"d:\develop\Workplace\VscodeWorkplace\stm32\smart_car\Drivers\STM32F4xx_HAL_Driver\Src\stm32f4xx_hal_dma_ex.c", "C", 0, 99, 168, 47, 314
"d:\develop\Workplace\VscodeWorkplace\stm32\smart_car\Drivers\STM32F4xx_HAL_Driver\Src\stm32f4xx_hal_exti.c", "C", 0, 212, 262, 80, 554
"d:\develop\Workplace\VscodeWorkplace\stm32\smart_car\Drivers\STM32F4xx_HAL_Driver\Src\stm32f4xx_hal_flash.c", "C", 0, 300, 379, 98, 777
"d:\develop\Workplace\VscodeWorkplace\stm32\smart_car\Drivers\STM32F4xx_HAL_Driver\Src\stm32f4xx_hal_flash_ex.c", "C", 0, 564, 611, 170, 1345
"d:\develop\Workplace\VscodeWorkplace\stm32\smart_car\Drivers\STM32F4xx_HAL_Driver\Src\stm32f4xx_hal_flash_ramfunc.c", "C", 0, 30, 124, 19, 173
"d:\develop\Workplace\VscodeWorkplace\stm32\smart_car\Drivers\STM32F4xx_HAL_Driver\Src\stm32f4xx_hal_gpio.c", "C", 0, 187, 289, 58, 534
"d:\develop\Workplace\VscodeWorkplace\stm32\smart_car\Drivers\STM32F4xx_HAL_Driver\Src\stm32f4xx_hal_i2c.c", "C", 0, 4045, 2394, 1129, 7568
"d:\develop\Workplace\VscodeWorkplace\stm32\smart_car\Drivers\STM32F4xx_HAL_Driver\Src\stm32f4xx_hal_i2c_ex.c", "C", 0, 46, 105, 32, 183
"d:\develop\Workplace\VscodeWorkplace\stm32\smart_car\Drivers\STM32F4xx_HAL_Driver\Src\stm32f4xx_hal_pwr.c", "C", 0, 147, 401, 51, 599
"d:\develop\Workplace\VscodeWorkplace\stm32\smart_car\Drivers\STM32F4xx_HAL_Driver\Src\stm32f4xx_hal_pwr_ex.c", "C", 0, 206, 323, 72, 601
"d:\develop\Workplace\VscodeWorkplace\stm32\smart_car\Drivers\STM32F4xx_HAL_Driver\Src\stm32f4xx_hal_rcc.c", "C", 0, 528, 491, 106, 1125
"d:\develop\Workplace\VscodeWorkplace\stm32\smart_car\Drivers\STM32F4xx_HAL_Driver\Src\stm32f4xx_hal_rcc_ex.c", "C", 0, 2261, 1200, 373, 3834
"d:\develop\Workplace\VscodeWorkplace\stm32\smart_car\Drivers\STM32F4xx_HAL_Driver\Src\stm32f4xx_hal_spi.c", "C", 0, 2208, 1269, 469, 3946
"d:\develop\Workplace\VscodeWorkplace\stm32\smart_car\Drivers\STM32F4xx_HAL_Driver\Src\stm32f4xx_hal_tim.c", "C", 0, 3958, 2621, 1051, 7630
"d:\develop\Workplace\VscodeWorkplace\stm32\smart_car\Drivers\STM32F4xx_HAL_Driver\Src\stm32f4xx_hal_tim_ex.c", "C", 0, 1079, 984, 348, 2411
"d:\develop\Workplace\VscodeWorkplace\stm32\smart_car\Drivers\STM32F4xx_HAL_Driver\Src\stm32f4xx_hal_uart.c", "C", 0, 1762, 1554, 492, 3808
"Total", "-", 65918, 19950, 61231, 22401, 169500