"filename", "language", "C", "C++", "comment", "blank", "total"
"d:\develop\Workplace\VscodeWorkplace\stm32\smart_car\Drivers\CMSIS\Device\ST\STM32F4xx\Include\stm32f407xx.h", "C++", 0, -13746, -978, -890, -15614
"d:\develop\Workplace\VscodeWorkplace\stm32\smart_car\Drivers\CMSIS\Device\ST\STM32F4xx\Include\stm32f4xx.h", "C++", 0, -170, -94, -38, -302
"d:\develop\Workplace\VscodeWorkplace\stm32\smart_car\Drivers\CMSIS\Device\ST\STM32F4xx\Include\system_stm32f4xx.h", "C++", 0, -14, -70, -21, -105
"d:\develop\Workplace\VscodeWorkplace\stm32\smart_car\Drivers\CMSIS\Include\cachel1_armv7.h", "C++", 0, -244, -100, -68, -412
"d:\develop\Workplace\VscodeWorkplace\stm32\smart_car\Drivers\CMSIS\Include\cmsis_armcc.h", "C++", 0, -392, -356, -141, -889
"d:\develop\Workplace\VscodeWorkplace\stm32\smart_car\Drivers\CMSIS\Include\cmsis_armclang.h", "C++", 0, -669, -599, -236, -1504
"d:\develop\Workplace\VscodeWorkplace\stm32\smart_car\Drivers\CMSIS\Include\cmsis_armclang_ltm.h", "C++", 0, -981, -593, -355, -1929
"d:\develop\Workplace\VscodeWorkplace\stm32\smart_car\Drivers\CMSIS\Include\cmsis_compiler.h", "C++", 0, -207, -52, -25, -284
"d:\develop\Workplace\VscodeWorkplace\stm32\smart_car\Drivers\CMSIS\Include\cmsis_gcc.h", "C++", 0, -1204, -620, -388, -2212
"d:\develop\Workplace\VscodeWorkplace\stm32\smart_car\Drivers\CMSIS\Include\cmsis_iccarm.h", "C++", 0, -795, -47, -161, -1003
"d:\develop\Workplace\VscodeWorkplace\stm32\smart_car\Drivers\CMSIS\Include\cmsis_version.h", "C++", 0, -13, -23, -4, -40
"d:\develop\Workplace\VscodeWorkplace\stm32\smart_car\Drivers\CMSIS\Include\core_armv81mml.h", "C++", 0, -2483, -769, -977, -4229
"d:\develop\Workplace\VscodeWorkplace\stm32\smart_car\Drivers\CMSIS\Include\core_armv8mbl.h", "C++", 0, -1181, -605, -437, -2223
"d:\develop\Workplace\VscodeWorkplace\stm32\smart_car\Drivers\CMSIS\Include\core_armv8mml.h", "C++", 0, -1821, -729, -660, -3210
"d:\develop\Workplace\VscodeWorkplace\stm32\smart_car\Drivers\CMSIS\Include\core_cm0.h", "C++", 0, -444, -327, -182, -953
"d:\develop\Workplace\VscodeWorkplace\stm32\smart_car\Drivers\CMSIS\Include\core_cm0plus.h", "C++", 0, -530, -346, -212, -1088
"d:\develop\Workplace\VscodeWorkplace\stm32\smart_car\Drivers\CMSIS\Include\core_cm1.h", "C++", 0, -454, -338, -188, -980
"d:\develop\Workplace\VscodeWorkplace\stm32\smart_car\Drivers\CMSIS\Include\core_cm23.h", "C++", 0, -1229, -611, -458, -2298
"d:\develop\Workplace\VscodeWorkplace\stm32\smart_car\Drivers\CMSIS\Include\core_cm3.h", "C++", 0, -1055, -468, -421, -1944
"d:\develop\Workplace\VscodeWorkplace\stm32\smart_car\Drivers\CMSIS\Include\core_cm33.h", "C++", 0, -1867, -732, -679, -3278
"d:\develop\Workplace\VscodeWorkplace\stm32\smart_car\Drivers\CMSIS\Include\core_cm35p.h", "C++", 0, -1867, -732, -679, -3278
"d:\develop\Workplace\VscodeWorkplace\stm32\smart_car\Drivers\CMSIS\Include\core_cm4.h", "C++", 0, -1186, -485, -459, -2130
"d:\develop\Workplace\VscodeWorkplace\stm32\smart_car\Drivers\CMSIS\Include\core_cm55.h", "C++", 0, -2825, -861, -1132, -4818
"d:\develop\Workplace\VscodeWorkplace\stm32\smart_car\Drivers\CMSIS\Include\core_cm7.h", "C++", 0, -1350, -499, -518, -2367
"d:\develop\Workplace\VscodeWorkplace\stm32\smart_car\Drivers\CMSIS\Include\core_cm85.h", "C++", 0, -2739, -844, -1090, -4673
"d:\develop\Workplace\VscodeWorkplace\stm32\smart_car\Drivers\CMSIS\Include\core_sc000.h", "C++", 0, -492, -335, -204, -1031
"d:\develop\Workplace\VscodeWorkplace\stm32\smart_car\Drivers\CMSIS\Include\core_sc300.h", "C++", 0, -1038, -467, -413, -1918
"d:\develop\Workplace\VscodeWorkplace\stm32\smart_car\Drivers\CMSIS\Include\core_starmc1.h", "C++", 0, -2069, -797, -727, -3593
"d:\develop\Workplace\VscodeWorkplace\stm32\smart_car\Drivers\CMSIS\Include\mpu_armv7.h", "C++", 0, -125, -125, -26, -276
"d:\develop\Workplace\VscodeWorkplace\stm32\smart_car\Drivers\CMSIS\Include\mpu_armv8.h", "C++", 0, -174, -135, -44, -353
"d:\develop\Workplace\VscodeWorkplace\stm32\smart_car\Drivers\CMSIS\Include\pac_armv81.h", "C++", 0, -116, -71, -20, -207
"d:\develop\Workplace\VscodeWorkplace\stm32\smart_car\Drivers\CMSIS\Include\pmu_armv8.h", "C++", 0, -209, -100, -29, -338
"d:\develop\Workplace\VscodeWorkplace\stm32\smart_car\Drivers\CMSIS\Include\tz_context.h", "C++", 0, -19, -40, -12, -71
"d:\develop\Workplace\VscodeWorkplace\stm32\smart_car\Drivers\STM32F4xx_HAL_Driver\Inc\Legacy\stm32_hal_legacy.h", "C++", 0, -3349, -616, -458, -4423
"d:\develop\Workplace\VscodeWorkplace\stm32\smart_car\Drivers\STM32F4xx_HAL_Driver\Inc\stm32f4xx_hal.h", "C++", 0, -128, -138, -32, -298
"d:\develop\Workplace\VscodeWorkplace\stm32\smart_car\Drivers\STM32F4xx_HAL_Driver\Inc\stm32f4xx_hal_adc.h", "C++", 0, -350, -444, -105, -899
"d:\develop\Workplace\VscodeWorkplace\stm32\smart_car\Drivers\STM32F4xx_HAL_Driver\Inc\stm32f4xx_hal_adc_ex.h", "C++", 0, -154, -213, -41, -408
"d:\develop\Workplace\VscodeWorkplace\stm32\smart_car\Drivers\STM32F4xx_HAL_Driver\Inc\stm32f4xx_hal_cortex.h", "C++", 0, -185, -171, -55, -411
"d:\develop\Workplace\VscodeWorkplace\stm32\smart_car\Drivers\STM32F4xx_HAL_Driver\Inc\stm32f4xx_hal_def.h", "C++", 0, -108, -75, -30, -213
"d:\develop\Workplace\VscodeWorkplace\stm32\smart_car\Drivers\STM32F4xx_HAL_Driver\Inc\stm32f4xx_hal_dma.h", "C++", 0, -318, -382, -103, -803
"d:\develop\Workplace\VscodeWorkplace\stm32\smart_car\Drivers\STM32F4xx_HAL_Driver\Inc\stm32f4xx_hal_dma_ex.h", "C++", 0, -18, -66, -19, -103
"d:\develop\Workplace\VscodeWorkplace\stm32\smart_car\Drivers\STM32F4xx_HAL_Driver\Inc\stm32f4xx_hal_exti.h", "C++", 0, -180, -142, -45, -367
"d:\develop\Workplace\VscodeWorkplace\stm32\smart_car\Drivers\STM32F4xx_HAL_Driver\Inc\stm32f4xx_hal_flash.h", "C++", 0, -102, -268, -56, -426
"d:\develop\Workplace\VscodeWorkplace\stm32\smart_car\Drivers\STM32F4xx_HAL_Driver\Inc\stm32f4xx_hal_flash_ex.h", "C++", 0, -634, -296, -134, -1064
"d:\develop\Workplace\VscodeWorkplace\stm32\smart_car\Drivers\STM32F4xx_HAL_Driver\Inc\stm32f4xx_hal_flash_ramfunc.h", "C++", 0, -17, -45, -15, -77
"d:\develop\Workplace\VscodeWorkplace\stm32\smart_car\Drivers\STM32F4xx_HAL_Driver\Inc\stm32f4xx_hal_gpio.h", "C++", 0, -110, -170, -46, -326
"d:\develop\Workplace\VscodeWorkplace\stm32\smart_car\Drivers\STM32F4xx_HAL_Driver\Inc\stm32f4xx_hal_gpio_ex.h", "C++", 0, -788, -601, -202, -1591
"d:\develop\Workplace\VscodeWorkplace\stm32\smart_car\Drivers\STM32F4xx_HAL_Driver\Inc\stm32f4xx_hal_i2c.h", "C++", 0, -285, -348, -109, -742
"d:\develop\Workplace\VscodeWorkplace\stm32\smart_car\Drivers\STM32F4xx_HAL_Driver\Inc\stm32f4xx_hal_i2c_ex.h", "C++", 0, -19, -76, -21, -116
"d:\develop\Workplace\VscodeWorkplace\stm32\smart_car\Drivers\STM32F4xx_HAL_Driver\Inc\stm32f4xx_hal_pwr.h", "C++", 0, -111, -259, -67, -437
"d:\develop\Workplace\VscodeWorkplace\stm32\smart_car\Drivers\STM32F4xx_HAL_Driver\Inc\stm32f4xx_hal_pwr_ex.h", "C++", 0, -117, -180, -44, -341
"d:\develop\Workplace\VscodeWorkplace\stm32\smart_car\Drivers\STM32F4xx_HAL_Driver\Inc\stm32f4xx_hal_rcc.h", "C++", 0, -618, -690, -151, -1459
"d:\develop\Workplace\VscodeWorkplace\stm32\smart_car\Drivers\STM32F4xx_HAL_Driver\Inc\stm32f4xx_hal_rcc_ex.h", "C++", 0, -4146, -2440, -605, -7191
"d:\develop\Workplace\VscodeWorkplace\stm32\smart_car\Drivers\STM32F4xx_HAL_Driver\Inc\stm32f4xx_hal_spi.h", "C++", 0, -253, -380, -101, -734
"d:\develop\Workplace\VscodeWorkplace\stm32\smart_car\Drivers\STM32F4xx_HAL_Driver\Inc\stm32f4xx_hal_tim.h", "C++", 0, -945, -970, -243, -2158
"d:\develop\Workplace\VscodeWorkplace\stm32\smart_car\Drivers\STM32F4xx_HAL_Driver\Inc\stm32f4xx_hal_tim_ex.h", "C++", 0, -153, -159, -46, -358
"d:\develop\Workplace\VscodeWorkplace\stm32\smart_car\Drivers\STM32F4xx_HAL_Driver\Inc\stm32f4xx_hal_uart.h", "C++", 0, -294, -504, -112, -910
"d:\develop\Workplace\VscodeWorkplace\stm32\smart_car\Drivers\STM32F4xx_HAL_Driver\Inc\stm32f4xx_ll_adc.h", "C++", 0, -1111, -3362, -310, -4783
"d:\develop\Workplace\VscodeWorkplace\stm32\smart_car\Drivers\STM32F4xx_HAL_Driver\Inc\stm32f4xx_ll_bus.h", "C++", 0, -425, -1614, -67, -2106
"d:\develop\Workplace\VscodeWorkplace\stm32\smart_car\Drivers\STM32F4xx_HAL_Driver\Inc\stm32f4xx_ll_cortex.h", "C++", 0, -196, -386, -66, -648
"d:\develop\Workplace\VscodeWorkplace\stm32\smart_car\Drivers\STM32F4xx_HAL_Driver\Inc\stm32f4xx_ll_dma.h", "C++", 0, -745, -1910, -214, -2869
"d:\develop\Workplace\VscodeWorkplace\stm32\smart_car\Drivers\STM32F4xx_HAL_Driver\Inc\stm32f4xx_ll_exti.h", "C++", 0, -168, -695, -92, -955
"d:\develop\Workplace\VscodeWorkplace\stm32\smart_car\Drivers\STM32F4xx_HAL_Driver\Inc\stm32f4xx_ll_gpio.h", "C++", 0, -189, -725, -68, -982
"d:\develop\Workplace\VscodeWorkplace\stm32\smart_car\Drivers\STM32F4xx_HAL_Driver\Inc\stm32f4xx_ll_i2c.h", "C++", 0, -559, -1151, -181, -1891
"d:\develop\Workplace\VscodeWorkplace\stm32\smart_car\Drivers\STM32F4xx_HAL_Driver\Inc\stm32f4xx_ll_pwr.h", "C++", 0, -357, -545, -84, -986
"d:\develop\Workplace\VscodeWorkplace\stm32\smart_car\Drivers\STM32F4xx_HAL_Driver\Inc\stm32f4xx_ll_rcc.h", "C++", 0, -1974, -4809, -319, -7102
"d:\develop\Workplace\VscodeWorkplace\stm32\smart_car\Drivers\STM32F4xx_HAL_Driver\Inc\stm32f4xx_ll_spi.h", "C++", 0, -595, -1225, -223, -2043
"d:\develop\Workplace\VscodeWorkplace\stm32\smart_car\Drivers\STM32F4xx_HAL_Driver\Inc\stm32f4xx_ll_system.h", "C++", 0, -535, -1067, -110, -1712
"d:\develop\Workplace\VscodeWorkplace\stm32\smart_car\Drivers\STM32F4xx_HAL_Driver\Inc\stm32f4xx_ll_tim.h", "C++", 0, -1197, -2562, -338, -4097
"d:\develop\Workplace\VscodeWorkplace\stm32\smart_car\Drivers\STM32F4xx_HAL_Driver\Inc\stm32f4xx_ll_usart.h", "C++", 0, -707, -1594, -221, -2522
"d:\develop\Workplace\VscodeWorkplace\stm32\smart_car\Drivers\STM32F4xx_HAL_Driver\Inc\stm32f4xx_ll_utils.h", "C++", 0, -70, -192, -46, -308
"d:\develop\Workplace\VscodeWorkplace\stm32\smart_car\Drivers\STM32F4xx_HAL_Driver\Src\stm32f4xx_hal.c", "C", -197, 0, -350, -70, -617
"d:\develop\Workplace\VscodeWorkplace\stm32\smart_car\Drivers\STM32F4xx_HAL_Driver\Src\stm32f4xx_hal_adc.c", "C", -878, 0, -972, -261, -2111
"d:\develop\Workplace\VscodeWorkplace\stm32\smart_car\Drivers\STM32F4xx_HAL_Driver\Src\stm32f4xx_hal_adc_ex.c", "C", -473, 0, -495, -148, -1116
"d:\develop\Workplace\VscodeWorkplace\stm32\smart_car\Drivers\STM32F4xx_HAL_Driver\Src\stm32f4xx_hal_cortex.c", "C", -139, 0, -342, -58, -539
"d:\develop\Workplace\VscodeWorkplace\stm32\smart_car\Drivers\STM32F4xx_HAL_Driver\Src\stm32f4xx_hal_dma.c", "C", -631, 0, -479, -196, -1306
"d:\develop\Workplace\VscodeWorkplace\stm32\smart_car\Drivers\STM32F4xx_HAL_Driver\Src\stm32f4xx_hal_dma_ex.c", "C", -99, 0, -168, -47, -314
"d:\develop\Workplace\VscodeWorkplace\stm32\smart_car\Drivers\STM32F4xx_HAL_Driver\Src\stm32f4xx_hal_exti.c", "C", -212, 0, -262, -80, -554
"d:\develop\Workplace\VscodeWorkplace\stm32\smart_car\Drivers\STM32F4xx_HAL_Driver\Src\stm32f4xx_hal_flash.c", "C", -300, 0, -379, -98, -777
"d:\develop\Workplace\VscodeWorkplace\stm32\smart_car\Drivers\STM32F4xx_HAL_Driver\Src\stm32f4xx_hal_flash_ex.c", "C", -564, 0, -611, -170, -1345
"d:\develop\Workplace\VscodeWorkplace\stm32\smart_car\Drivers\STM32F4xx_HAL_Driver\Src\stm32f4xx_hal_flash_ramfunc.c", "C", -30, 0, -124, -19, -173
"d:\develop\Workplace\VscodeWorkplace\stm32\smart_car\Drivers\STM32F4xx_HAL_Driver\Src\stm32f4xx_hal_gpio.c", "C", -187, 0, -289, -58, -534
"d:\develop\Workplace\VscodeWorkplace\stm32\smart_car\Drivers\STM32F4xx_HAL_Driver\Src\stm32f4xx_hal_i2c.c", "C", -4045, 0, -2394, -1129, -7568
"d:\develop\Workplace\VscodeWorkplace\stm32\smart_car\Drivers\STM32F4xx_HAL_Driver\Src\stm32f4xx_hal_i2c_ex.c", "C", -46, 0, -105, -32, -183
"d:\develop\Workplace\VscodeWorkplace\stm32\smart_car\Drivers\STM32F4xx_HAL_Driver\Src\stm32f4xx_hal_pwr.c", "C", -147, 0, -401, -51, -599
"d:\develop\Workplace\VscodeWorkplace\stm32\smart_car\Drivers\STM32F4xx_HAL_Driver\Src\stm32f4xx_hal_pwr_ex.c", "C", -206, 0, -323, -72, -601
"d:\develop\Workplace\VscodeWorkplace\stm32\smart_car\Drivers\STM32F4xx_HAL_Driver\Src\stm32f4xx_hal_rcc.c", "C", -528, 0, -491, -106, -1125
"d:\develop\Workplace\VscodeWorkplace\stm32\smart_car\Drivers\STM32F4xx_HAL_Driver\Src\stm32f4xx_hal_rcc_ex.c", "C", -2261, 0, -1200, -373, -3834
"d:\develop\Workplace\VscodeWorkplace\stm32\smart_car\Drivers\STM32F4xx_HAL_Driver\Src\stm32f4xx_hal_spi.c", "C", -2208, 0, -1269, -469, -3946
"d:\develop\Workplace\VscodeWorkplace\stm32\smart_car\Drivers\STM32F4xx_HAL_Driver\Src\stm32f4xx_hal_tim.c", "C", -3958, 0, -2621, -1051, -7630
"d:\develop\Workplace\VscodeWorkplace\stm32\smart_car\Drivers\STM32F4xx_HAL_Driver\Src\stm32f4xx_hal_tim_ex.c", "C", -1079, 0, -984, -348, -2411
"d:\develop\Workplace\VscodeWorkplace\stm32\smart_car\Drivers\STM32F4xx_HAL_Driver\Src\stm32f4xx_hal_uart.c", "C", -1762, 0, -1554, -492, -3808
"d:\develop\Workplace\VscodeWorkplace\stm32\smart_car\Middlewares\Third_Party\FreeRTOS\Source\CMSIS_RTOS_V2\cmsis_os.h", "C++", 0, 385, 333, 129, 847
"d:\develop\Workplace\VscodeWorkplace\stm32\smart_car\Middlewares\Third_Party\FreeRTOS\Source\CMSIS_RTOS_V2\cmsis_os2.c", "C", 1894, 0, 185, 404, 2483
"d:\develop\Workplace\VscodeWorkplace\stm32\smart_car\Middlewares\Third_Party\FreeRTOS\Source\CMSIS_RTOS_V2\cmsis_os2.h", "C++", 0, 275, 319, 141, 735
"d:\develop\Workplace\VscodeWorkplace\stm32\smart_car\Middlewares\Third_Party\FreeRTOS\Source\CMSIS_RTOS_V2\freertos_mpool.h", "C++", 0, 27, 27, 10, 64
"d:\develop\Workplace\VscodeWorkplace\stm32\smart_car\Middlewares\Third_Party\FreeRTOS\Source\CMSIS_RTOS_V2\freertos_os2.h", "C++", 0, 97, 193, 21, 311
"d:\develop\Workplace\VscodeWorkplace\stm32\smart_car\Middlewares\Third_Party\FreeRTOS\Source\croutine.c", "C", 179, 0, 117, 58, 354
"d:\develop\Workplace\VscodeWorkplace\stm32\smart_car\Middlewares\Third_Party\FreeRTOS\Source\event_groups.c", "C", 457, 0, 181, 116, 754
"d:\develop\Workplace\VscodeWorkplace\stm32\smart_car\Middlewares\Third_Party\FreeRTOS\Source\include\FreeRTOS.h", "C++", 0, 797, 262, 237, 1296
"d:\develop\Workplace\VscodeWorkplace\stm32\smart_car\Middlewares\Third_Party\FreeRTOS\Source\include\StackMacros.h", "C++", 0, 65, 47, 22, 134
"d:\develop\Workplace\VscodeWorkplace\stm32\smart_car\Middlewares\Third_Party\FreeRTOS\Source\include\atomic.h", "C++", 0, 169, 193, 53, 415
"d:\develop\Workplace\VscodeWorkplace\stm32\smart_car\Middlewares\Third_Party\FreeRTOS\Source\include\croutine.h", "C++", 0, 68, 629, 24, 721
"d:\develop\Workplace\VscodeWorkplace\stm32\smart_car\Middlewares\Third_Party\FreeRTOS\Source\include\deprecated_definitions.h", "C++", 0, 180, 38, 62, 280
"d:\develop\Workplace\VscodeWorkplace\stm32\smart_car\Middlewares\Third_Party\FreeRTOS\Source\include\event_groups.h", "C++", 0, 45, 684, 29, 758
"d:\develop\Workplace\VscodeWorkplace\stm32\smart_car\Middlewares\Third_Party\FreeRTOS\Source\include\list.h", "C++", 0, 97, 279, 37, 413
"d:\develop\Workplace\VscodeWorkplace\stm32\smart_car\Middlewares\Third_Party\FreeRTOS\Source\include\message_buffer.h", "C++", 0, 29, 748, 27, 804
"d:\develop\Workplace\VscodeWorkplace\stm32\smart_car\Middlewares\Third_Party\FreeRTOS\Source\include\mpu_prototypes.h", "C++", 0, 110, 38, 13, 161
"d:\develop\Workplace\VscodeWorkplace\stm32\smart_car\Middlewares\Third_Party\FreeRTOS\Source\include\mpu_wrappers.h", "C++", 0, 119, 48, 23, 190
"d:\develop\Workplace\VscodeWorkplace\stm32\smart_car\Middlewares\Third_Party\FreeRTOS\Source\include\portable.h", "C++", 0, 85, 86, 29, 200
"d:\develop\Workplace\VscodeWorkplace\stm32\smart_car\Middlewares\Third_Party\FreeRTOS\Source\include\projdefs.h", "C++", 0, 68, 40, 17, 125
"d:\develop\Workplace\VscodeWorkplace\stm32\smart_car\Middlewares\Third_Party\FreeRTOS\Source\include\queue.h", "C++", 0, 92, 1512, 52, 1656
"d:\develop\Workplace\VscodeWorkplace\stm32\smart_car\Middlewares\Third_Party\FreeRTOS\Source\include\semphr.h", "C++", 0, 59, 1052, 30, 1141
"d:\develop\Workplace\VscodeWorkplace\stm32\smart_car\Middlewares\Third_Party\FreeRTOS\Source\include\stack_macros.h", "C++", 0, 62, 47, 21, 130
"d:\develop\Workplace\VscodeWorkplace\stm32\smart_car\Middlewares\Third_Party\FreeRTOS\Source\include\stream_buffer.h", "C++", 0, 55, 777, 28, 860
"d:\develop\Workplace\VscodeWorkplace\stm32\smart_car\Middlewares\Third_Party\FreeRTOS\Source\include\task.h", "C++", 0, 194, 2246, 104, 2544
"d:\develop\Workplace\VscodeWorkplace\stm32\smart_car\Middlewares\Third_Party\FreeRTOS\Source\include\timers.h", "C++", 0, 71, 1197, 42, 1310
"d:\develop\Workplace\VscodeWorkplace\stm32\smart_car\Middlewares\Third_Party\FreeRTOS\Source\list.c", "C", 73, 0, 94, 32, 199
"d:\develop\Workplace\VscodeWorkplace\stm32\smart_car\Middlewares\Third_Party\FreeRTOS\Source\portable\GCC\ARM_CM4F\port.c", "C", 369, 0, 302, 105, 776
"d:\develop\Workplace\VscodeWorkplace\stm32\smart_car\Middlewares\Third_Party\FreeRTOS\Source\portable\GCC\ARM_CM4F\portmacro.h", "C++", 0, 132, 66, 46, 244
"d:\develop\Workplace\VscodeWorkplace\stm32\smart_car\Middlewares\Third_Party\FreeRTOS\Source\portable\MemMang\heap_4.c", "C", 288, 0, 138, 67, 493
"d:\develop\Workplace\VscodeWorkplace\stm32\smart_car\Middlewares\Third_Party\FreeRTOS\Source\queue.c", "C", 1910, 0, 645, 391, 2946
"d:\develop\Workplace\VscodeWorkplace\stm32\smart_car\Middlewares\Third_Party\FreeRTOS\Source\stream_buffer.c", "C", 831, 0, 259, 174, 1264
"d:\develop\Workplace\VscodeWorkplace\stm32\smart_car\Middlewares\Third_Party\FreeRTOS\Source\tasks.c", "C", 3192, 0, 1341, 778, 5311
"d:\develop\Workplace\VscodeWorkplace\stm32\smart_car\Middlewares\Third_Party\FreeRTOS\Source\timers.c", "C", 680, 0, 283, 165, 1128
"Total", "-", -10077, -62637, -46825, -18914, -138453